,name,github_id,description,resource,category,github_url,homepage,license,created_at,updated_at,last_commit_pushed_at,star_count,latest_stable_release_published_at,latest_stable_release_number,release_count,projectrank,show,fork_count,closed_issue_count,contributor_count,conda_id,pypi_id,open_issue_count,commit_count,github_release_downloads,monthly_downloads,dependent_project_count,github_dependent_project_count,pypi_url,pypi_latest_release_published_at,pypi_dependent_project_count,pypi_monthly_downloads,conda_url,conda_latest_release_published_at,conda_total_downloads,projectrank_placing
0,best-of-web-python - Web UI,ml-tooling/best-of-web-python,Collection of libraries to implement web-based UIs.,True,gui-dev,https://github.com/ml-tooling/best-of-web-python,https://github.com/ml-tooling/best-of-web-python,CC-BY-SA-4.0,2021-01-05 13:09:27.000,2021-01-08 21:13:43.000,2021-01-08 21:13:36.000,2,2021-01-08 01:07:00.000,2021.01.08,2.0,0,True,,,,,,,,,,,,,,,,,,,
1,best-of-python-dev,ml-tooling/best-of-python-dev,A ranked list of awesome python developer tools and libraries. Updated weekly.,True,dev-utils,https://github.com/ml-tooling/best-of-python-dev,https://github.com/ml-tooling/best-of-python-dev,CC-BY-SA-4.0,2021-01-08 14:46:24.000,2021-01-09 12:14:15.000,2021-01-09 12:14:13.000,1,2021-01-09 12:14:23.000,2021.01.09,1.0,0,True,,,,,,,,,,,,,,,,,,,
2,best-of-web-python,ml-tooling/best-of-web-python,A ranked list of awesome python libraries for web development. Updated weekly.,True,web-dev,https://github.com/ml-tooling/best-of-web-python,https://github.com/ml-tooling/best-of-web-python,CC-BY-SA-4.0,2021-01-05 13:09:27.000,2021-01-08 21:13:43.000,2021-01-08 21:13:36.000,2,2021-01-08 01:07:00.000,2021.01.08,2.0,0,True,,,,,,,,,,,,,,,,,,,
3,best-of-ml-python,ml-tooling/best-of-ml-python,A ranked list of awesome machine learning Python libraries. Updated weekly.,True,machine-learning,https://github.com/ml-tooling/best-of-ml-python,https://github.com/ml-tooling/best-of-ml-python,CC-BY-SA-4.0,2020-11-29 19:41:36.000,2021-01-11 19:00:54.000,2021-01-11 19:00:46.000,97,2021-01-08 03:42:51.000,2021.01.08,9.0,0,True,13.0,4.0,3.0,,,,,,,,,,,,,,,,
4,protobuf,protocolbuffers/protobuf,Protocol Buffers - Google's data interchange format.,,serialization,https://github.com/protocolbuffers/protobuf,https://github.com/protocolbuffers/protobuf,BSD-3.0-Clause,2014-08-26 15:52:15.000,2021-01-11 19:53:36.000,2021-01-11 19:53:35.000,45633,2020-11-13 23:48:20.000,3.14.0,68.0,39,False,12221.0,3197.0,773.0,conda-forge/protobuf,protobuf,1234.0,7838.0,21965805.0,34935250.0,136498.0,111558.0,https://pypi.org/project/protobuf,2020-11-12 23:15:38.000,24940.0,34582056.0,https://anaconda.org/conda-forge/protobuf,2021-01-08 11:13:05.613,4007553.0,1.0
5,awscli,aws/aws-cli,Universal Command Line Interface for Amazon Web Services.,,infrastructure,https://github.com/aws/aws-cli,https://github.com/aws/aws-cli,Apache-2.0,2012-11-20 16:07:36.000,2021-01-12 04:03:19.663,2021-01-11 19:22:20.000,10544,2021-01-07 22:08:19.000,1.18.212,1145.0,39,True,2491.0,2790.0,325.0,conda-forge/awscli,awscli,722.0,9863.0,565.0,36887187.0,24116.0,18696.0,https://pypi.org/project/awscli,2021-01-11 20:43:26.000,5420.0,36782838.0,https://anaconda.org/conda-forge/awscli,2021-01-12 04:03:19.663,5633737.0,1.0
6,cryptography,pyca/cryptography,cryptography is a package designed to expose cryptographic primitives and recipes to Python developers.,,cryptography,https://github.com/pyca/cryptography,https://github.com/pyca/cryptography,BSD-3-Clause,2013-08-07 02:23:38.000,2021-01-11 14:18:43.000,2021-01-11 14:18:35.000,3734,2020-10-28 03:24:22.000,3.3.1,83.0,38,True,793.0,1549.0,224.0,conda-forge/cryptography,cryptography,30.0,8113.0,,26355183.0,172453.0,138565.0,https://pypi.org/project/cryptography,2020-12-10 02:28:21.000,33888.0,26131893.0,https://anaconda.org/conda-forge/cryptography,2021-01-11 04:44:53.332,9601501.0,1.0
7,click,pallets/click,Python composable command line interface toolkit.,,cli-helpers,https://github.com/pallets/click,https://github.com/pallets/click,BSD-3-Clause,2014-04-24 09:52:19.000,2021-01-11 16:43:00.000,2021-01-01 08:50:32.000,10241,2020-04-27 21:02:36.000,7.1.2,39.0,37,True,1013.0,989.0,273.0,conda-forge/click,click,81.0,1713.0,,21833639.0,540222.0,430760.0,https://pypi.org/project/click,2020-11-25 18:19:38.000,109462.0,21726572.0,https://anaconda.org/conda-forge/click,2020-04-27 21:01:19.813,5781643.0,1.0
8,botocore,boto/botocore,"The low-level, core functionality of boto 3.",,infrastructure,https://github.com/boto/botocore,https://github.com/boto/botocore,Apache-2.0,2012-11-13 13:25:36.000,2021-01-11 22:57:02.200,2021-01-11 19:22:27.000,907,2021-01-07 22:08:09.000,1.19.52,1137.0,37,True,732.0,613.0,151.0,conda-forge/botocore,botocore,201.0,8577.0,,68661299.0,80990.0,66872.0,https://pypi.org/project/botocore,2021-01-11 20:43:08.000,14118.0,68559544.0,https://anaconda.org/conda-forge/botocore,2021-01-11 22:57:02.200,5494791.0,2.0
9,docker-compose,docker/compose,Define and run multi-container applications with Docker.,,infrastructure,https://github.com/docker/compose,https://github.com/docker/compose,Apache-2.0,2013-12-09 11:40:58.000,2021-01-11 19:44:46.000,2021-01-11 17:33:16.000,21571,2020-09-24 15:57:16.000,1.27.4,134.0,36,True,3561.0,4836.0,404.0,conda-forge/docker-compose,docker-compose,463.0,5920.0,155502756.0,3460592.0,7985.0,5783.0,https://pypi.org/project/docker-compose,2021-01-04 15:49:53.000,2202.0,822449.0,https://anaconda.org/conda-forge/docker-compose,2020-10-14 03:40:42.036,72640.0,2.0
10,tqdm,tqdm/tqdm,"A Fast, Extensible Progress Bar for Python and CLI.",,cli-helpers,https://github.com/tqdm/tqdm,https://github.com/tqdm/tqdm,MIT,2015-06-03 13:13:14.000,2021-01-12 02:41:41.554,2021-01-11 00:53:22.000,17034,2021-01-11 01:27:55.000,4.56.0,111.0,36,True,879.0,491.0,94.0,conda-forge/tqdm,tqdm,272.0,1733.0,7338.0,9882224.0,165600.0,139362.0,https://pypi.org/project/tqdm,2021-01-11 00:58:53.000,26238.0,9796532.0,https://anaconda.org/conda-forge/tqdm,2021-01-12 02:41:41.554,4706589.0,1.0
11,docker,docker/docker-py,A Python library for the Docker Engine API.,,infrastructure,https://github.com/docker/docker-py,https://github.com/docker/docker-py,Apache-2.0,2013-05-23 16:15:07.000,2020-12-28 18:15:26.000,2020-12-28 17:26:25.000,5064,2021-01-07 17:44:54.000,4.4.1,69.0,36,True,1426.0,1037.0,382.0,conda-forge/docker-py,docker,385.0,3120.0,,9150770.0,22504.0,18136.0,https://pypi.org/project/docker,2020-12-22 20:46:52.000,4368.0,9135714.0,https://anaconda.org/conda-forge/docker-py,2020-12-22 23:22:52.191,813066.0,2.0
12,python-prompt-toolkit,prompt-toolkit/python-prompt-toolkit,Library for building powerful interactive command line applications in Python.,,cli-helpers,https://github.com/prompt-toolkit/python-prompt-toolkit,https://github.com/prompt-toolkit/python-prompt-toolkit,BSD-3-Clause,2014-01-25 22:12:08.000,2021-01-08 13:45:48.000,2021-01-08 13:45:46.000,6735,2019-10-03 15:18:40.000,2.0.10,81.0,35,True,519.0,462.0,169.0,,prompt_toolkit,380.0,2466.0,,11360584.0,130858.0,124642.0,https://pypi.org/project/prompt_toolkit,2019-10-03 15:18:40.000,6216.0,11360584.0,,,,1.0
13,paramiko,paramiko/paramiko,The leading native Python SSHv2 protocol library.,,infrastructure,https://github.com/paramiko/paramiko,https://github.com/paramiko/paramiko,LGPL-2.1,2009-02-02 03:41:08.000,2021-01-05 21:48:01.000,2020-09-11 19:29:07.000,6699,2020-08-30 19:56:22.000,2.7.2,121.0,35,True,1607.0,574.0,157.0,conda-forge/paramiko,paramiko,804.0,3483.0,,8246318.0,59369.0,36569.0,https://pypi.org/project/paramiko,2020-08-30 19:56:22.000,22800.0,8232870.0,https://anaconda.org/conda-forge/paramiko,2020-09-01 19:24:01.679,699299.0,3.0
14,attrs,python-attrs/attrs,Python Classes Without Boilerplate.,,utilities,https://github.com/python-attrs/attrs,https://github.com/python-attrs/attrs,MIT,2015-01-27 15:01:01.000,2021-01-11 06:47:05.000,2021-01-11 06:46:30.000,3338,2020-11-05 10:11:24.000,20.3.0,20.0,35,True,237.0,339.0,94.0,conda-forge/attrs,attrs,106.0,817.0,,28559693.0,218735.0,190751.0,https://pypi.org/project/attrs,2020-11-05 10:04:47.000,27984.0,28419766.0,https://anaconda.org/conda-forge/attrs,2020-11-11 08:40:48.051,6436687.0,1.0
15,colorama,tartley/colorama,Simple cross-platform colored terminal text in Python.,,cli-helpers,https://github.com/tartley/colorama,https://github.com/tartley/colorama,BSD-3-Clause,2014-04-17 20:18:25.000,2021-01-03 16:45:33.000,2020-12-30 18:15:59.000,2324,2020-10-13 02:42:26.000,0.4.4,42.0,35,True,175.0,99.0,39.0,conda-forge/colorama,colorama,114.0,286.0,,33391042.0,186461.0,154845.0,https://pypi.org/project/colorama,2020-10-13 02:42:26.000,31616.0,33345784.0,https://anaconda.org/conda-forge/colorama,2020-10-16 16:43:32.974,2579749.0,1.0
16,python-dateutil,dateutil/dateutil,Useful extensions to the standard Python datetime features.,,date-time-utils,https://github.com/dateutil/dateutil,https://github.com/dateutil/dateutil,Apache-2.0,2014-11-19 18:56:16.000,2021-01-08 17:50:28.000,2020-09-28 20:40:12.000,1467,2019-11-03 05:42:01.000,2.8.1,23.0,35,True,350.0,339.0,118.0,conda-forge/python-dateutil,python-dateutil,262.0,1493.0,33996.0,59449072.0,116628.0,,https://pypi.org/project/python-dateutil,2019-11-03 05:42:01.000,116628.0,59229182.0,https://anaconda.org/conda-forge/python-dateutil,2019-11-03 14:12:04.243,12286694.0,1.0
17,chardet,chardet/chardet,Python character encoding detector.,,text,https://github.com/chardet/chardet,https://github.com/chardet/chardet,LGPL-2.1,2012-07-26 20:30:54.000,2021-01-08 08:22:32.887,2020-12-16 17:20:22.000,1422,2020-12-10 19:35:32.000,4.0.0,12.0,35,True,193.0,58.0,37.0,conda-forge/chardet,chardet,56.0,334.0,,56386326.0,493249.0,420535.0,https://pypi.org/project/chardet,2020-12-10 19:35:32.000,72714.0,56214051.0,https://anaconda.org/conda-forge/chardet,2021-01-08 08:22:32.887,8096971.0,1.0
18,PyYAML,yaml/pyyaml,Canonical source repository for PyYAML.,,file-formats,https://github.com/yaml/pyyaml,https://github.com/yaml/pyyaml,MIT,2011-11-03 05:09:49.000,2021-01-09 17:17:29.000,2020-03-19 18:49:38.000,1343,2020-03-18 21:41:00.000,5.3.1,24.0,35,True,281.0,177.0,33.0,conda-forge/pyyaml,pyyaml,176.0,263.0,,51288743.0,384003.0,269667.0,https://pypi.org/project/pyyaml,2020-03-18 21:41:00.000,114336.0,51132441.0,https://anaconda.org/conda-forge/pyyaml,2021-01-09 02:58:50.776,8596651.0,1.0
19,Pygments,pygments/pygments,Pygments is a generic syntax highlighter written in Python.,,others,https://github.com/pygments/pygments,https://github.com/pygments/pygments,BSD-2-Clause,2016-04-12 07:50:11.354,2021-01-11 09:19:26.000,2021-01-11 09:19:20.000,474,2020-12-06 13:15:16.000,2.7.3,46.0,35,True,718.0,1086.0,579.0,conda-forge/pygments,pygments,348.0,5416.0,,16069570.0,257542.0,189776.0,https://pypi.org/project/pygments,2020-12-06 13:14:08.000,67766.0,15978921.0,https://anaconda.org/conda-forge/pygments,2020-12-07 14:43:48.855,5167035.0,1.0
20,ansible,ansible/ansible,Ansible is a radically simple IT automation platform that makes your applications and systems easier to deploy and..,,infrastructure,https://github.com/ansible/ansible,https://github.com/ansible/ansible,GPL-3.0,2012-03-06 14:58:02.000,2021-01-12 03:28:53.000,2021-01-11 22:37:34.000,46431,2021-01-05 21:16:51.000,2.10.5,225.0,34,True,20063.0,27242.0,6330.0,conda-forge/ansible,ansible,2002.0,,,2885760.0,22928.0,15274.0,https://pypi.org/project/ansible,2021-01-05 21:16:51.000,7654.0,2879902.0,https://anaconda.org/conda-forge/ansible,2021-01-05 23:40:30.828,240191.0,3.0
21,arrow,arrow-py/arrow,Better dates & times for Python.,,date-time-utils,https://github.com/arrow-py/arrow,https://github.com/arrow-py/arrow,Apache-2.0,2012-11-18 20:23:27.000,2021-01-07 17:20:43.000,2021-01-07 17:20:42.000,6418,2020-10-06 20:47:04.000,0.17.0,53.0,34,True,543.0,349.0,230.0,conda-forge/arrow,arrow,47.0,1251.0,,1917585.0,24624.0,17202.0,https://pypi.org/project/arrow,2020-10-06 20:45:02.000,7422.0,1909606.0,https://anaconda.org/conda-forge/arrow,2020-10-12 18:31:14.221,446849.0,2.0
22,XlsxWriter,jmcnamara/XlsxWriter,A Python module for creating Excel XLSX files.,,file-formats,https://github.com/jmcnamara/XlsxWriter,https://github.com/jmcnamara/XlsxWriter,BSD-3-Clause,2013-01-04 01:07:06.000,2021-01-07 20:41:00.000,2021-01-07 20:40:50.000,2436,2020-10-13 08:17:32.000,1.3.7,137.0,34,True,510.0,671.0,43.0,conda-forge/xlsxwriter,xlsxwriter,11.0,1148.0,,4129881.0,36924.0,30740.0,https://pypi.org/project/xlsxwriter,2020-10-13 08:17:32.000,6184.0,4108491.0,https://anaconda.org/conda-forge/xlsxwriter,2020-10-13 10:12:02.147,941198.0,3.0
23,pexpect,pexpect/pexpect,A Python module for controlling interactive programs in a pseudo-terminal.,,process-utils,https://github.com/pexpect/pexpect,https://github.com/pexpect/pexpect,ISC,2013-09-17 17:36:44.000,2021-01-11 18:45:04.000,2020-05-16 18:24:44.000,1946,2020-01-21 16:37:03.000,4.8.0,17.0,34,True,414.0,255.0,91.0,conda-forge/pexpect,pexpect,145.0,1549.0,3930.0,12203394.0,146271.0,115569.0,https://pypi.org/project/pexpect,2020-01-21 16:37:03.000,30702.0,12135462.0,https://anaconda.org/conda-forge/pexpect,2020-10-12 20:49:05.189,3869606.0,1.0
24,pycryptodomex,Legrandin/pycryptodome,A self-contained cryptographic library for Python.,,cryptography,https://github.com/Legrandin/pycryptodome,https://github.com/Legrandin/pycryptodome,BSD-3-Clause,2014-05-02 15:11:38.000,2021-01-11 15:14:25.277,2021-01-04 22:25:49.000,1445,2020-11-02 09:53:47.000,3.9.9,34.0,34,True,271.0,330.0,102.0,conda-forge/pycryptodomex,pycryptodomex,58.0,2515.0,,3961517.0,22309.0,20767.0,https://pypi.org/project/pycryptodomex,2020-11-02 09:53:47.000,1542.0,3953446.0,https://anaconda.org/conda-forge/pycryptodomex,2021-01-11 15:14:25.277,298660.0,2.0
25,future,PythonCharmers/python-future,"Easy, clean, reliable Python 2/3 compatibility.",,compatibility,https://github.com/PythonCharmers/python-future,https://github.com/PythonCharmers/python-future,MIT,2013-07-14 13:57:47.000,2021-01-08 23:20:36.090,2020-11-27 05:54:10.000,1104,2020-06-13 02:43:44.000,0.18.2,50.0,34,True,249.0,194.0,104.0,conda-forge/future,future,186.0,1831.0,,15691428.0,148419.0,120051.0,https://pypi.org/project/future,2019-10-31 00:58:13.000,28368.0,15638230.0,https://anaconda.org/conda-forge/future,2021-01-08 23:20:36.090,2872729.0,1.0
26,six,benjaminp/six,Python 2 and 3 compatibility library.,,compatibility,https://github.com/benjaminp/six,https://github.com/benjaminp/six,MIT,2016-05-10 07:24:51.054,2021-01-03 23:11:48.000,2021-01-03 16:35:12.000,729,2020-05-21 15:25:54.000,1.15.0,27.0,34,True,184.0,171.0,61.0,conda-forge/six,six,104.0,516.0,,74052704.0,996002.0,751982.0,https://pypi.org/project/six,2020-05-21 15:25:54.000,244020.0,73819986.0,https://anaconda.org/conda-forge/six,2020-05-21 17:15:14.356,13032239.0,1.0
27,traitlets,ipython/traitlets,A lightweight Traits like module.,,configuration,https://github.com/ipython/traitlets,https://github.com/ipython/traitlets,BSD-3-Clause,2013-12-06 20:45:45.000,2020-11-19 10:36:16.000,2020-10-15 10:38:47.000,399,2020-10-15 10:39:45.000,5.0.5,24.0,34,True,152.0,135.0,97.0,conda-forge/traitlets,traitlets,70.0,1645.0,,10671360.0,160832.0,132808.0,https://pypi.org/project/traitlets,2020-10-15 10:39:45.000,28024.0,10576265.0,https://anaconda.org/conda-forge/traitlets,2020-10-15 14:20:57.286,5420440.0,1.0
28,flatbuffers,google/flatbuffers,FlatBuffers: Memory Efficient Serialization Library.,,serialization,https://github.com/google/flatbuffers,https://github.com/google/flatbuffers,Apache-2.0,2014-05-19 18:33:01.000,2021-01-11 22:28:59.000,2021-01-11 20:24:52.000,15618,2020-03-12 22:47:55.000,1.12.0,17.0,33,True,2401.0,1420.0,462.0,conda-forge/flatbuffers,flatbuffers,171.0,2142.0,26565.0,1603674.0,903.0,731.0,https://pypi.org/project/flatbuffers,2020-03-12 23:34:51.000,172.0,1599421.0,https://anaconda.org/conda-forge/flatbuffers,2020-11-23 13:28:55.262,219391.0,1.0
29,cookiecutter,cookiecutter/cookiecutter,"A command-line utility that creates projects from cookiecutters (project templates), e.g. Python package projects,..",,cli-helpers,https://github.com/cookiecutter/cookiecutter,https://github.com/cookiecutter/cookiecutter,BSD-3-Clause,2013-07-14 18:31:22.000,2021-01-12 03:38:12.000,2020-12-26 04:18:09.000,13607,2020-04-21 03:35:23.000,1.7.2,28.0,33,True,1384.0,460.0,247.0,conda-forge/cookiecutter,cookiecutter,180.0,2671.0,,440202.0,9500.0,7190.0,https://pypi.org/project/cookiecutter,2020-04-21 03:34:31.000,2310.0,437884.0,https://anaconda.org/conda-forge/cookiecutter,2020-04-26 16:44:26.880,129831.0,2.0
30,watchdog,gorakhargosh/watchdog,Python library and shell utilities to monitor filesystem events.,,file-path-utils,https://github.com/gorakhargosh/watchdog,https://github.com/gorakhargosh/watchdog,Apache-2.0,2010-10-23 12:00:17.000,2021-01-09 16:58:16.980,2021-01-06 10:50:24.000,4516,2020-12-18 11:36:28.000,1.0.2,23.0,33,True,540.0,352.0,105.0,conda-forge/watchdog,watchdog,138.0,1268.0,,1795672.0,42339.0,28487.0,https://pypi.org/project/watchdog,2020-12-18 11:15:26.000,13852.0,1789516.0,https://anaconda.org/conda-forge/watchdog,2021-01-09 16:58:16.980,326296.0,1.0
31,ultrajson,ultrajson/ultrajson,Ultra fast JSON decoder and encoder written in C with Python bindings.,,serialization,https://github.com/ultrajson/ultrajson,https://github.com/ultrajson/ultrajson,BSD-3-Clause,2011-02-27 20:00:51.000,2020-11-16 13:43:16.000,2020-11-16 13:43:14.000,3098,2020-10-09 19:42:06.000,4.0.1,23.0,33,True,305.0,254.0,71.0,,ujson,38.0,607.0,,9072040.0,25734.0,19178.0,https://pypi.org/project/ujson,2020-10-09 19:42:06.000,6556.0,9072040.0,,,,1.0
32,toolz,pytoolz/toolz,A functional standard library for Python.,,utilities,https://github.com/pytoolz/toolz,https://github.com/pytoolz/toolz,BSD-3-Clause,2013-09-13 02:18:43.000,2021-01-11 23:55:56.000,2020-09-24 15:39:55.000,3023,2020-09-24 15:50:48.000,0.11.1,24.0,33,True,210.0,129.0,69.0,conda-forge/toolz,toolz,95.0,1155.0,,2920453.0,38758.0,33238.0,https://pypi.org/project/toolz,2020-09-24 15:50:48.000,5520.0,2858819.0,https://anaconda.org/conda-forge/toolz,2020-09-24 19:02:07.101,3389880.0,2.0
33,pycparser,eliben/pycparser,Complete C99 parser in pure Python.,,others,https://github.com/eliben/pycparser,https://github.com/eliben/pycparser,BSD-3-Clause,2013-06-09 22:01:56.000,2020-12-09 13:51:25.000,2020-12-09 13:51:24.000,2129,,,20.0,33,True,455.0,246.0,70.0,conda-forge/pycparser,pycparser,9.0,493.0,,29118914.0,193354.0,161072.0,https://pypi.org/project/pycparser,2020-03-04 14:16:37.000,32282.0,28973475.0,https://anaconda.org/conda-forge/pycparser,2020-06-27 16:30:32.956,7708306.0,2.0
34,more-itertools,more-itertools/more-itertools,"More routines for operating on iterables, beyond itertools.",,utilities,https://github.com/more-itertools/more-itertools,https://github.com/more-itertools/more-itertools,MIT,2012-04-26 05:15:14.000,2021-01-10 02:58:23.000,2021-01-06 11:55:28.000,1734,2020-10-30 13:51:58.000,8.6.0,32.0,33,True,148.0,140.0,67.0,conda-forge/more-itertools,more-itertools,10.0,1064.0,1934.0,6136036.0,108762.0,93854.0,https://pypi.org/project/more-itertools,2020-10-30 13:50:51.000,14908.0,6038951.0,https://anaconda.org/conda-forge/more-itertools,2020-10-30 15:31:09.885,4367042.0,2.0
35,msgpack,msgpack/msgpack-python,MessagePack serializer implementation for Python msgpack.org[Python].,,serialization,https://github.com/msgpack/msgpack-python,https://github.com/msgpack/msgpack-python,Apache-2.0,2011-08-21 08:24:41.000,2021-01-08 16:17:23.419,2021-01-02 06:39:37.000,1379,2020-12-18 08:40:31.000,1.0.2,14.0,33,True,184.0,218.0,65.0,conda-forge/msgpack-python,msgpack,6.0,806.0,825.0,7540050.0,35481.0,32851.0,https://pypi.org/project/msgpack,2020-12-18 08:40:31.000,2630.0,7476912.0,https://anaconda.org/conda-forge/msgpack-python,2021-01-08 16:17:23.419,3155807.0,1.0
36,simplejson,simplejson/simplejson,"simplejson is a simple, fast, extensible JSON encoder/decoder for Python.",,serialization,https://github.com/simplejson/simplejson,https://github.com/simplejson/simplejson,MIT,2011-02-06 05:47:45.000,2021-01-09 03:09:29.622,2020-12-29 14:51:58.000,1351,2020-07-16 18:33:53.000,3.17.2,95.0,33,True,302.0,159.0,36.0,conda-forge/simplejson,simplejson,15.0,592.0,4963.0,8573773.0,94652.0,55660.0,https://pypi.org/project/simplejson,2020-07-16 18:33:53.000,38992.0,8552974.0,https://anaconda.org/conda-forge/simplejson,2021-01-09 03:09:29.622,870052.0,1.0
37,jmespath,jmespath/jmespath.py,JMESPath is a query language for JSON.,,file-formats,https://github.com/jmespath/jmespath.py,https://github.com/jmespath/jmespath.py,MIT,2013-02-19 22:16:36.000,2020-11-10 08:14:46.000,2020-05-12 22:01:13.000,1194,2020-05-12 22:03:45.000,0.10.0,24.0,33,True,131.0,62.0,22.0,conda-forge/jmespath,jmespath,42.0,526.0,,41294735.0,78931.0,66541.0,https://pypi.org/project/jmespath,2020-05-12 22:03:45.000,12390.0,41232795.0,https://anaconda.org/conda-forge/jmespath,2020-05-13 11:39:21.174,3344787.0,3.0
38,rich,willmcgugan/rich,Rich is a Python library for rich text and beautiful formatting in the terminal.,,cli-helpers,https://github.com/willmcgugan/rich,https://github.com/willmcgugan/rich,MIT,2019-11-10 15:28:09.000,2021-01-12 04:17:47.830,2021-01-11 21:41:07.000,20195,2021-01-11 21:44:10.000,9.8.0,108.0,32,True,584.0,322.0,70.0,conda-forge/rich,rich,10.0,1564.0,,462592.0,1908.0,1908.0,https://pypi.org/project/rich,2021-01-11 21:42:13.000,0.0,452662.0,https://anaconda.org/conda-forge/rich,2021-01-12 04:17:47.830,59581.0,2.0
39,python-fire,google/python-fire,Python Fire is a library for automatically generating command line interfaces (CLIs) from absolutely any Python object.,,cli-helpers,https://github.com/google/python-fire,https://github.com/google/python-fire,Apache-2.0,2017-02-21 21:35:07.000,2020-12-25 06:52:01.000,2020-12-17 18:55:07.000,18499,2020-04-07 20:05:33.000,0.3.1,8.0,32,True,1105.0,129.0,45.0,conda-forge/fire,fire,88.0,245.0,,523822.0,7381.0,6213.0,https://pypi.org/project/fire,2020-04-07 20:04:38.000,1168.0,521833.0,https://anaconda.org/conda-forge/fire,2020-04-07 20:37:53.830,85532.0,2.0
40,uvloop,MagicStack/uvloop,Ultra fast asyncio event loop.,,async,https://github.com/MagicStack/uvloop,https://github.com/MagicStack/uvloop,MIT,2015-11-08 04:14:54.000,2021-01-06 22:58:15.000,2020-12-15 18:54:40.000,7444,2019-11-05 19:16:27.000,0.14.0,71.0,32,True,440.0,196.0,36.0,conda-forge/uvloop,uvloop,52.0,860.0,309.0,4822344.0,20084.0,17634.0,https://pypi.org/project/uvloop,2019-11-05 18:43:33.000,2450.0,4816320.0,https://anaconda.org/conda-forge/uvloop,2020-11-26 09:27:24.917,234767.0,1.0
41,supervisor,Supervisor/supervisor,Supervisor process control system for UNIX.,,process-utils,https://github.com/Supervisor/supervisor,https://github.com/Supervisor/supervisor,Repoze Public License,2010-12-08 00:48:48.000,2020-12-14 18:29:14.000,2020-12-14 16:48:28.000,6591,2020-08-20 17:25:21.000,4.2.1,35.0,32,True,1072.0,859.0,150.0,conda-forge/supervisor,supervisor,128.0,2274.0,,642257.0,9312.0,5528.0,https://pypi.org/project/supervisor,2020-08-20 17:25:21.000,3784.0,639844.0,https://anaconda.org/conda-forge/supervisor,2020-10-26 14:57:34.255,135146.0,2.0
42,sh,amoffat/sh,Python process launching.,,process-utils,https://github.com/amoffat/sh,https://github.com/amoffat/sh,MIT,2012-01-15 05:52:06.000,2021-01-09 00:08:02.441,2020-10-24 17:34:47.000,5542,2020-10-24 17:36:13.000,1.14.1,34.0,32,True,431.0,363.0,80.0,conda-forge/sh,sh,10.0,1214.0,,709947.0,10849.0,6391.0,https://pypi.org/project/sh,2020-10-24 17:36:13.000,4458.0,708279.0,https://anaconda.org/conda-forge/sh,2021-01-09 00:08:02.441,86770.0,2.0
43,marshmallow,marshmallow-code/marshmallow,A lightweight library for converting complex objects to and from simple Python datatypes.,,serialization,https://github.com/marshmallow-code/marshmallow,https://github.com/marshmallow-code/marshmallow,MIT,2013-11-10 21:32:24.000,2021-01-08 05:25:27.000,2021-01-08 05:25:25.000,5216,2020-12-19 18:55:26.000,3.10.0,155.0,32,True,542.0,878.0,184.0,conda-forge/marshmallow,marshmallow,113.0,,,3847907.0,41446.0,23264.0,https://pypi.org/project/marshmallow,2020-12-19 18:55:26.000,18182.0,3839888.0,https://anaconda.org/conda-forge/marshmallow,2020-12-20 11:59:35.310,417026.0,3.0
44,pydantic,samuelcolvin/pydantic,Data parsing and validation using Python type hints.,,data-validation,https://github.com/samuelcolvin/pydantic,https://github.com/samuelcolvin/pydantic,MIT,2017-05-03 21:23:58.000,2021-01-11 11:46:41.000,2021-01-02 09:33:36.000,5042,2020-11-30 23:42:24.000,1.7.3,76.0,32,True,457.0,975.0,180.0,conda-forge/pydantic,pydantic,290.0,939.0,,1752611.0,11368.0,10980.0,https://pypi.org/project/pydantic,2020-11-01 15:49:06.000,388.0,1736747.0,https://anaconda.org/conda-forge/pydantic,2020-12-01 10:54:45.883,380747.0,1.0
45,kubernetes,kubernetes-client/python,Official Python client library for kubernetes.,,infrastructure,https://github.com/kubernetes-client/python,https://github.com/kubernetes-client/python,Apache-2.0,2016-10-31 20:08:03.000,2021-01-12 03:21:07.000,2020-12-04 05:37:25.000,3346,2020-11-13 06:02:46.000,12.0.1,55.0,32,True,1911.0,755.0,79.0,conda-forge/kubernetes,kubernetes,104.0,832.0,,2017038.0,10417.0,9061.0,https://pypi.org/project/kubernetes,2020-11-13 06:02:46.000,1356.0,2011298.0,https://anaconda.org/conda-forge/kubernetes,2020-08-13 20:29:20.438,195183.0,3.0
46,dateparser,scrapinghub/dateparser,python parser for human readable dates.,,date-time-utils,https://github.com/scrapinghub/dateparser,https://github.com/scrapinghub/dateparser,BSD-3-Clause,2014-11-24 17:30:12.000,2020-12-16 15:45:48.000,2020-12-16 14:52:49.000,1660,2020-10-29 18:45:43.000,1.0.0,19.0,32,True,329.0,292.0,100.0,conda-forge/dateparser,dateparser,192.0,1262.0,,896826.0,6489.0,5075.0,https://pypi.org/project/dateparser,2020-06-12 16:48:21.000,1414.0,896055.0,https://anaconda.org/conda-forge/dateparser,2020-10-29 19:45:25.551,37014.0,2.0
47,pyrsistent,tobgu/pyrsistent,Persistent/Immutable/Functional data structures for Python.,,data-structures,https://github.com/tobgu/pyrsistent,https://github.com/tobgu/pyrsistent,MIT,2013-06-20 14:11:13.000,2021-01-08 23:16:23.250,2020-11-30 05:34:37.000,1469,2020-09-13 07:05:39.000,0.17.3,68.0,32,True,105.0,109.0,49.0,conda-forge/pyrsistent,pyrsistent,31.0,606.0,,15566541.0,69675.0,66231.0,https://pypi.org/project/pyrsistent,2020-09-13 07:05:39.000,3444.0,15437827.0,https://anaconda.org/conda-forge/pyrsistent,2021-01-08 23:16:23.250,3475284.0,1.0
48,greenlet,python-greenlet/greenlet,Lightweight in-process concurrent programming.,,async,https://github.com/python-greenlet/greenlet,https://github.com/python-greenlet/greenlet,MIT,2011-12-17 21:12:01.000,2021-01-11 01:50:52.242,2021-01-09 17:33:08.000,1204,2020-09-22 11:08:34.000,0.4.17,26.0,32,True,195.0,115.0,54.0,conda-forge/greenlet,greenlet,14.0,548.0,,2537207.0,69345.0,49565.0,https://pypi.org/project/greenlet,2020-11-20 11:36:34.000,19780.0,2527992.0,https://anaconda.org/conda-forge/greenlet,2021-01-11 01:50:52.242,405496.0,1.0
49,rsa,sybrenstuvel/python-rsa,Python-RSA is a pure-Python RSA implementation.,,cryptography,https://github.com/sybrenstuvel/python-rsa,https://github.com/sybrenstuvel/python-rsa,Apache-2.0,2016-01-21 12:53:34.000,2021-01-10 12:15:15.270,2021-01-10 10:35:51.000,291,2020-06-12 17:53:44.000,4.4.1,31.0,32,True,59.0,77.0,29.0,conda-forge/rsa,rsa,17.0,506.0,,46068937.0,79928.0,67262.0,https://pypi.org/project/rsa,2021-01-10 10:45:35.000,12666.0,46021201.0,https://anaconda.org/conda-forge/rsa,2021-01-10 12:15:15.270,2577751.0,2.0
50,docopt,docopt/docopt,"Pythonic command line arguments parser, that will make you smile.",,cli-helpers,https://github.com/docopt/docopt,https://github.com/docopt/docopt,MIT,2012-04-07 17:45:14.000,2020-10-19 14:28:53.000,2018-08-27 18:02:16.000,7269,2014-06-16 11:18:57.000,0.6.2,11.0,31,False,522.0,171.0,31.0,conda-forge/docopt,docopt,230.0,447.0,,3411463.0,63907.0,42657.0,https://pypi.org/project/docopt,2014-06-16 11:18:57.000,21250.0,3398181.0,https://anaconda.org/conda-forge/docopt,2018-07-06 22:39:53.718,757110.0,2.0
51,jsonschema,Julian/jsonschema,An(other) implementation of JSON Schema for Python.,,data-validation,https://github.com/Julian/jsonschema,https://github.com/Julian/jsonschema,MIT,2011-12-30 03:37:43.000,2021-01-08 01:25:24.000,2021-01-08 01:25:20.000,3050,2019-11-18 12:57:08.000,3.2.0,35.0,31,True,438.0,487.0,81.0,conda-forge/jsonschema,jsonschema,73.0,,,15866725.0,158984.0,127924.0,https://pypi.org/project/jsonschema,2019-11-18 12:57:08.000,31060.0,15778000.0,https://anaconda.org/conda-forge/jsonschema,2020-10-13 01:21:01.124,5057355.0,2.0
52,cerberus,pyeve/cerberus,"Lightweight, extensible data validation library for Python.",,data-validation,https://github.com/pyeve/cerberus,https://github.com/pyeve/cerberus,ISC,2012-10-10 10:03:49.000,2020-12-10 12:33:04.000,2020-09-28 21:17:22.000,2356,2016-09-01 08:02:44.000,1.3.2,23.0,31,True,202.0,279.0,62.0,conda-forge/cerberus,cerberus,32.0,1134.0,,810364.0,9959.0,8693.0,https://pypi.org/project/cerberus,2019-10-29 16:55:46.000,1266.0,808291.0,https://anaconda.org/conda-forge/cerberus,2019-12-02 01:38:41.849,109891.0,2.0
53,voluptuous,alecthomas/voluptuous,"CONTRIBUTIONS ONLY: Voluptuous, despite the name, is a Python data validation library.",,data-validation,https://github.com/alecthomas/voluptuous,https://github.com/alecthomas/voluptuous,BSD-3-Clause,2010-07-15 09:55:10.000,2021-01-04 15:26:02.000,2020-12-06 22:50:58.000,1662,2020-12-06 23:04:56.000,0.12.1,43.0,31,True,188.0,191.0,84.0,conda-forge/voluptuous,voluptuous,38.0,439.0,,1738921.0,5104.0,2880.0,https://pypi.org/project/voluptuous,2020-12-06 23:04:56.000,2224.0,1737337.0,https://anaconda.org/conda-forge/voluptuous,2020-12-30 07:03:19.353,85570.0,2.0
54,wrapt,GrahamDumpleton/wrapt,"A Python module for decorators, wrappers and monkey patching.",,others,https://github.com/GrahamDumpleton/wrapt,https://github.com/GrahamDumpleton/wrapt,BSD-2-Clause,2013-05-29 10:22:45.000,2021-01-08 11:20:52.007,2020-03-12 09:01:48.000,1424,2020-03-09 02:32:04.000,1.12.1,35.0,31,True,173.0,75.0,16.0,conda-forge/wrapt,wrapt,49.0,501.0,,11535392.0,21338.0,,https://pypi.org/project/wrapt,2020-03-09 02:32:04.000,21338.0,11492210.0,https://anaconda.org/conda-forge/wrapt,2021-01-08 11:20:52.007,2288667.0,2.0
55,emoji,carpedm20/emoji,emoji terminal output for Python.,,cli-helpers,https://github.com/carpedm20/emoji,https://github.com/carpedm20/emoji,BSD-3-Clause,2014-08-18 02:55:59.000,2020-11-06 11:53:22.000,2020-11-06 11:53:20.000,1159,2020-08-02 02:51:09.000,0.6.0,19.0,31,True,195.0,38.0,43.0,conda-forge/emoji,emoji,46.0,190.0,,1729812.0,15947.0,13991.0,https://pypi.org/project/emoji,2020-08-02 02:51:09.000,1956.0,1729405.0,https://anaconda.org/conda-forge/emoji,2020-08-02 13:01:02.211,9365.0,2.0
56,pyparsing,pyparsing/pyparsing,Python library for creating PEG parsers.,,others,https://github.com/pyparsing/pyparsing,https://github.com/pyparsing/pyparsing,MIT,2016-06-12 20:32:44.411,2021-01-05 10:57:12.000,2021-01-03 22:37:00.000,971,2020-04-05 22:23:00.000,pyparsing_2.4.7,50.0,31,True,153.0,117.0,30.0,conda-forge/pyparsing,pyparsing,29.0,683.0,4860.0,20194220.0,317399.0,258377.0,https://pypi.org/project/pyparsing,2020-12-30 22:19:54.000,59022.0,20012962.0,https://anaconda.org/conda-forge/pyparsing,2020-04-06 18:28:14.201,9959722.0,2.0
57,appdirs,ActiveState/appdirs,"A small Python module for determining appropriate platform-specific dirs, e.g. a user data dir.",,file-path-utils,https://github.com/ActiveState/appdirs,https://github.com/ActiveState/appdirs,MIT,2010-07-28 04:07:00.000,2020-12-28 17:56:12.000,2020-11-12 08:15:32.000,666,2020-05-11 08:18:45.000,1.4.4,8.0,31,True,73.0,48.0,29.0,conda-forge/appdirs,appdirs,39.0,216.0,,9859435.0,113944.0,88358.0,https://pypi.org/project/appdirs,2020-05-11 07:59:49.000,25586.0,9827430.0,https://anaconda.org/conda-forge/appdirs,2020-10-19 11:55:35.692,1856321.0,2.0
58,pluggy,pytest-dev/pluggy,A minimalist production ready plugin system.,,others,https://github.com/pytest-dev/pluggy,https://github.com/pytest-dev/pluggy,MIT,2015-04-28 15:32:26.000,2021-01-10 22:46:37.621,2020-07-02 14:15:31.000,548,2019-11-21 20:42:34.000,0.13.1,17.0,31,True,73.0,88.0,34.0,conda-forge/pluggy,pluggy,38.0,482.0,,10301769.0,115777.0,96959.0,https://pypi.org/project/pluggy,2020-06-04 19:37:24.000,18818.0,10204301.0,https://anaconda.org/conda-forge/pluggy,2021-01-10 22:46:37.621,4386101.0,2.0
59,decorator,micheles/decorator,Decorators for Humans.,,others,https://github.com/micheles/decorator,https://github.com/micheles/decorator,BSD-2-Clause,2013-11-24 05:55:49.000,2020-12-25 06:52:12.000,2020-12-25 06:52:05.000,468,2020-03-04 18:17:28.000,4.4.2,26.0,31,True,66.0,56.0,21.0,conda-forge/decorator,decorator,3.0,301.0,,20464936.0,224999.0,178527.0,https://pypi.org/project/decorator,2020-02-29 05:24:45.000,46472.0,20351956.0,https://anaconda.org/conda-forge/decorator,2020-02-29 21:33:11.626,6100938.0,2.0
60,asn1crypto,wbond/asn1crypto,Python ASN.1 library with a focus on performance and a pythonic API.,,cryptography,https://github.com/wbond/asn1crypto,https://github.com/wbond/asn1crypto,MIT,2015-06-03 18:51:56.000,2020-11-01 07:26:04.000,2020-11-01 07:23:15.000,212,2020-07-28 14:18:17.000,1.4.0,31.0,31,True,89.0,109.0,31.0,conda-forge/asn1crypto,asn1crypto,22.0,724.0,,3743163.0,85472.0,71968.0,https://pypi.org/project/asn1crypto,2020-07-28 14:18:17.000,13504.0,3626616.0,https://anaconda.org/conda-forge/asn1crypto,2020-07-28 15:28:07.748,5011556.0,3.0
61,pytz,stub42/pytz,pytz Python historical timezone library and database.,,date-time-utils,https://github.com/stub42/pytz,https://github.com/stub42/pytz,MIT,2016-05-10 07:42:31.917,2020-12-28 18:46:22.000,2020-12-24 21:03:13.000,143,2016-07-14 08:21:41.000,2016.6.1,99.0,31,True,50.0,20.0,15.0,conda-forge/pytz,pytz,12.0,583.0,,36215614.0,773061.0,618125.0,https://pypi.org/project/pytz,2020-11-02 05:25:55.000,154936.0,35998724.0,https://anaconda.org/conda-forge/pytz,2020-12-25 13:51:01.718,12145855.0,2.0
62,boltons,mahmoud/boltons,"Like builtins, but boltons. 250+ constructs, recipes, and snippets which extend (and rely on nothing but) the Python..",,utilities,https://github.com/mahmoud/boltons,https://github.com/mahmoud/boltons,BSD-3-Clause,2013-02-20 06:17:12.000,2021-01-06 16:25:37.000,2021-01-06 16:25:35.000,5352,2020-06-22 05:38:57.000,20.2.1,48.0,30,True,282.0,87.0,67.0,conda-forge/boltons,boltons,39.0,1478.0,19.0,489567.0,1689.0,1197.0,https://pypi.org/project/boltons,2020-08-12 01:27:41.000,492.0,482745.0,https://anaconda.org/conda-forge/boltons,2020-08-12 19:46:43.662,382073.0,2.0
63,dill,uqfoundation/dill,serialize all of python.,,serialization,https://github.com/uqfoundation/dill,https://github.com/uqfoundation/dill,BSD-3-Clause,2013-06-28 16:42:27.000,2021-01-03 23:52:27.000,2021-01-03 23:52:15.000,1302,2020-11-02 00:16:47.000,dill-0.3.3,21.0,30,True,116.0,198.0,26.0,conda-forge/dill,dill,134.0,822.0,228000.0,4175612.0,4968.0,,https://pypi.org/project/dill,2020-11-02 00:12:59.000,4968.0,4154602.0,https://anaconda.org/conda-forge/dill,2020-11-02 10:29:29.900,1011464.0,3.0
64,cloudpickle,cloudpipe/cloudpickle,Extended pickling support for Python objects.,,serialization,https://github.com/cloudpipe/cloudpickle,https://github.com/cloudpipe/cloudpickle,BSD-3.0-Clause,2015-04-13 16:33:00.000,2021-01-07 12:32:55.000,2020-09-22 10:15:29.000,863,2020-08-25 22:32:04.000,1.6.0,33.0,30,False,97.0,130.0,44.0,conda-forge/cloudpickle,cloudpickle,49.0,376.0,16.0,5266111.0,34979.0,30877.0,https://pypi.org/project/cloudpickle,2020-08-25 22:32:04.000,4102.0,5204188.0,https://anaconda.org/conda-forge/cloudpickle,2020-08-26 00:05:03.165,3591556.0,3.0
65,bcrypt,pyca/bcrypt,Modern(-ish) password hashing for your software and your servers.,,cryptography,https://github.com/pyca/bcrypt,https://github.com/pyca/bcrypt,Apache-2.0,2013-05-11 02:03:55.000,2021-01-05 06:46:15.000,2020-12-23 02:11:29.000,697,2020-08-16 17:22:44.000,3.2.0,16.0,30,True,93.0,83.0,26.0,conda-forge/bcrypt,bcrypt,1.0,215.0,,8347670.0,14850.0,,https://pypi.org/project/bcrypt,2020-08-16 17:22:44.000,14850.0,8327542.0,https://anaconda.org/conda-forge/bcrypt,2020-10-13 00:04:16.592,523331.0,3.0
66,multidict,aio-libs/multidict,The multidict implementation.,,data-structures,https://github.com/aio-libs/multidict,https://github.com/aio-libs/multidict,Apache-2.0,2016-02-06 14:52:32.000,2021-01-11 01:59:51.390,2021-01-08 06:28:31.000,216,2020-12-03 13:00:53.000,5.1.0,118.0,30,True,57.0,112.0,35.0,conda-forge/multidict,multidict,9.0,892.0,1312.0,21447179.0,5340.0,,https://pypi.org/project/multidict,2020-12-03 13:00:53.000,5340.0,21421995.0,https://anaconda.org/conda-forge/multidict,2021-01-11 01:59:51.390,1107058.0,2.0
67,pyasn1,etingof/pyasn1,Generic ASN.1 library for Python.,,serialization,https://github.com/etingof/pyasn1,https://github.com/etingof/pyasn1,BSD-2-Clause,2016-02-24 22:30:54.000,2020-10-24 20:32:47.000,2020-03-21 18:06:04.000,171,2019-11-16 17:27:13.000,0.4.8,34.0,30,True,77.0,61.0,16.0,conda-forge/pyasn1,pyasn1,42.0,970.0,,44062500.0,131673.0,103379.0,https://pypi.org/project/pyasn1,2019-11-16 17:27:13.000,28294.0,44008504.0,https://anaconda.org/conda-forge/pyasn1,2019-11-17 02:42:05.143,2861801.0,3.0
68,pendulum,sdispater/pendulum,Python datetimes made easy.,,date-time-utils,https://github.com/sdispater/pendulum,https://github.com/sdispater/pendulum,MIT,2016-06-27 23:37:53.000,2020-12-14 10:32:51.000,2020-07-24 18:00:50.000,4238,2020-07-24 18:17:05.000,2.1.2,52.0,29,True,235.0,221.0,66.0,conda-forge/pendulum,pendulum,170.0,696.0,,1720483.0,1080.0,,https://pypi.org/project/pendulum,2020-07-24 18:16:40.000,1080.0,1714077.0,https://anaconda.org/conda-forge/pendulum,2020-11-08 21:57:25.850,275489.0,3.0
69,transitions,pytransitions/transitions,"A lightweight, object-oriented finite state machine implementation in Python with many extensions.",,algorithms,https://github.com/pytransitions/transitions,https://github.com/pytransitions/transitions,MIT,2014-10-12 20:59:09.000,2020-12-29 00:19:34.651,2020-12-28 20:07:51.000,3399,2020-12-28 20:08:50.000,0.8.6,41.0,29,True,412.0,338.0,63.0,conda-forge/transitions,transitions,5.0,848.0,,119050.0,1824.0,1472.0,https://pypi.org/project/transitions,2020-12-28 20:07:00.000,352.0,118411.0,https://anaconda.org/conda-forge/transitions,2020-12-29 00:19:34.651,12151.0,1.0
70,tenacity,jd/tenacity,Retrying library for Python.,,utilities,https://github.com/jd/tenacity,https://github.com/jd/tenacity,Apache-2.0,2016-08-11 12:44:02.000,2020-12-25 23:07:11.000,2020-12-16 19:21:40.000,2706,2020-12-16 19:21:05.000,6.3.1,44.0,29,True,142.0,110.0,58.0,conda-forge/tenacity,tenacity,48.0,403.0,,3520410.0,792.0,,https://pypi.org/project/tenacity,2020-12-16 19:21:05.000,792.0,3509752.0,https://anaconda.org/conda-forge/tenacity,2020-12-16 21:25:29.601,468985.0,3.0
71,clint,kennethreitz-archive/clint,Python Command-line Application Tools.,,cli-helpers,https://github.com/kennethreitz-archive/clint,https://github.com/kennethreitz-archive/clint,ISC,2010-10-12 02:40:00.000,2020-12-02 15:03:23.000,2017-09-02 04:38:47.000,2480,2015-08-25 16:13:43.000,0.5.1,17.0,29,False,226.0,41.0,64.0,conda-forge/clint,clint,32.0,372.0,92.0,159411.0,4844.0,2852.0,https://pypi.org/project/clint,2015-08-25 16:11:19.000,1992.0,158806.0,https://anaconda.org/conda-forge/clint,2018-07-09 09:37:09.782,33852.0,3.0
72,schematics,schematics/schematics,Python Data Structures for Humans.,,data-validation,https://github.com/schematics/schematics,https://github.com/schematics/schematics,BSD-3-Clause,2010-12-27 02:25:29.000,2020-11-27 08:10:29.000,2018-12-22 02:33:48.000,2387,2018-06-25 23:56:09.000,2.1.0,23.0,29,False,273.0,227.0,107.0,conda-forge/schematics,schematics,95.0,1381.0,,211603.0,1418.0,874.0,https://pypi.org/project/schematics,2018-06-25 23:56:09.000,544.0,211036.0,https://anaconda.org/conda-forge/schematics,2019-07-17 17:13:38.920,10217.0,3.0
73,schema,keleshev/schema,Schema validation just got Pythonic.,,data-validation,https://github.com/keleshev/schema,https://github.com/keleshev/schema,MIT,2012-08-19 18:56:20.000,2020-11-25 07:01:14.000,2020-10-04 02:30:19.000,2254,2020-07-31 12:02:49.000,0.7.3,23.0,29,True,158.0,60.0,59.0,conda-forge/schema,schema,64.0,388.0,,470872.0,3367.0,2357.0,https://pypi.org/project/schema,2020-07-31 11:58:14.000,1010.0,469845.0,https://anaconda.org/conda-forge/schema,2020-07-31 18:43:08.790,18496.0,3.0
74,addict,mewwts/addict,The Python Dict that's better than heroin.,,data-structures,https://github.com/mewwts/addict,https://github.com/mewwts/addict,MIT,2014-12-10 06:55:25.000,2021-01-05 07:16:39.000,2021-01-05 07:16:38.000,1989,2020-11-21 16:20:20.000,2.4.0,31.0,29,True,122.0,62.0,31.0,conda-forge/addict,addict,6.0,229.0,14.0,1250558.0,1605.0,1235.0,https://pypi.org/project/addict,2020-11-21 16:21:29.000,370.0,1247451.0,https://anaconda.org/conda-forge/addict,2020-10-11 11:33:21.339,167796.0,2.0
75,python-sortedcontainers,grantjenks/python-sortedcontainers,"Python Sorted Container Types: Sorted List, Sorted Dict, and Sorted Set.",,data-structures,https://github.com/grantjenks/python-sortedcontainers,https://github.com/grantjenks/python-sortedcontainers,Apache-2.0,2014-02-24 17:44:20.000,2020-11-09 00:03:50.000,2020-11-09 00:00:08.000,1982,2020-11-09 00:03:50.000,2.3.0,39.0,29,True,127.0,113.0,19.0,,sortedcontainers,19.0,610.0,,7128852.0,3220.0,,https://pypi.org/project/sortedcontainers,2020-11-09 00:03:50.000,3220.0,7128852.0,,,,2.0
76,python-decouple,henriquebastos/python-decouple,Strict separation of config from code.,,configuration,https://github.com/henriquebastos/python-decouple,https://github.com/henriquebastos/python-decouple,MIT,2014-02-25 04:16:08.000,2021-01-05 16:16:35.790,2021-01-05 14:37:00.000,1593,2021-01-05 14:38:53.000,3.4,8.0,29,True,130.0,47.0,21.0,conda-forge/python-decouple,python-decouple,16.0,151.0,,133553.0,36249.0,30225.0,https://pypi.org/project/python-decouple,2021-01-05 14:39:25.000,6024.0,133271.0,https://anaconda.org/conda-forge/python-decouple,2021-01-05 16:16:35.790,11313.0,2.0
77,aiofiles,Tinche/aiofiles,File support for asyncio.,,file-path-utils,https://github.com/Tinche/aiofiles,https://github.com/Tinche/aiofiles,Apache-2.0,2015-03-29 20:28:14.000,2020-12-06 12:37:19.000,2020-10-27 17:37:34.000,1410,2020-10-27 17:36:43.000,0.6.0,9.0,29,True,100.0,27.0,18.0,conda-forge/aiofiles,aiofiles,39.0,109.0,,5051477.0,13816.0,12256.0,https://pypi.org/project/aiofiles,2020-10-27 17:36:43.000,1560.0,5047769.0,https://anaconda.org/conda-forge/aiofiles,2020-10-28 12:43:19.642,144622.0,2.0
78,humanize,jmoiron/humanize,python humanize functions.,,text,https://github.com/jmoiron/humanize,https://github.com/jmoiron/humanize,MIT,2011-10-07 23:44:01.000,2020-12-12 18:31:59.345,2020-12-12 17:10:37.000,1295,2020-12-12 17:34:26.000,3.2.0,19.0,29,True,136.0,43.0,42.0,conda-forge/humanize,humanize,21.0,377.0,,1151804.0,2904.0,,https://pypi.org/project/humanize,2020-10-19 20:03:31.000,2904.0,1149463.0,https://anaconda.org/conda-forge/humanize,2020-12-12 18:31:59.345,128787.0,3.0
79,argcomplete,kislyuk/argcomplete,"Python and tab completion, better together.",,cli-helpers,https://github.com/kislyuk/argcomplete,https://github.com/kislyuk/argcomplete,Apache-2.0,2012-11-19 15:37:34.000,2021-01-12 00:59:45.000,2020-12-18 23:14:18.000,924,2020-11-24 04:10:47.000,1.12.2,99.0,29,True,99.0,143.0,52.0,conda-forge/argcomplete,argcomplete,36.0,596.0,124.0,2277137.0,11145.0,8321.0,https://pypi.org/project/argcomplete,2020-11-24 04:10:47.000,2824.0,2273810.0,https://anaconda.org/conda-forge/argcomplete,2020-11-24 07:29:57.001,156308.0,3.0
80,jsonpickle,jsonpickle/jsonpickle,Python library for serializing any arbitrary object graph into JSON. It can take almost any Python object and turn the..,,serialization,https://github.com/jsonpickle/jsonpickle,https://github.com/jsonpickle/jsonpickle,BSD-3-Clause,2009-12-10 03:59:23.000,2020-12-14 23:26:24.000,2020-11-30 04:54:20.000,887,2020-11-30 03:21:53.000,1.4.2,25.0,29,True,138.0,170.0,56.0,conda-forge/jsonpickle,jsonpickle,68.0,1057.0,,3721271.0,3348.0,,https://pypi.org/project/jsonpickle,2020-11-30 03:21:53.000,3348.0,3707749.0,https://anaconda.org/conda-forge/jsonpickle,2020-04-22 18:31:13.089,554422.0,3.0
81,typing,python/typing,Work related to PEP 484: typing.py and typing_extensions.py (both released via PyPI) and issue tracker for type system..,,compatibility,https://github.com/python/typing,https://github.com/python/typing,Python-2.0,2014-09-29 16:54:42.000,2021-01-03 16:09:40.000,2021-01-02 16:15:15.000,847,2019-06-19 22:31:20.000,3.7.4,15.0,29,False,125.0,431.0,58.0,conda-forge/typing,typing,110.0,530.0,,5696406.0,36014.0,27580.0,https://pypi.org/project/typing,2020-07-13 23:19:42.000,8434.0,5685294.0,https://anaconda.org/conda-forge/typing,2020-12-18 12:29:40.192,644552.0,2.0
82,cachetools,tkem/cachetools,Extensible memoizing collections and decorators.,,caching,https://github.com/tkem/cachetools,https://github.com/tkem/cachetools,MIT,2014-03-22 10:15:14.000,2020-12-11 06:55:21.000,2020-12-10 20:25:58.000,837,2020-12-10 22:46:12.000,4.2.0,35.0,29,True,95.0,159.0,5.0,conda-forge/cachetools,cachetools,11.0,197.0,,20630653.0,4436.0,,https://pypi.org/project/cachetools,2020-12-10 22:46:12.000,4436.0,20594280.0,https://anaconda.org/conda-forge/cachetools,2020-06-29 08:49:42.259,1855072.0,1.0
83,py4j,bartdag/py4j,Py4J enables Python programs to dynamically access arbitrary Java objects.,,others,https://github.com/bartdag/py4j,https://github.com/bartdag/py4j,BSD-3-Clause,2010-11-02 20:58:18.000,2020-12-08 15:21:22.000,2020-09-07 14:38:47.000,780,2020-01-25 14:40:31.000,0.10.9,26.0,29,True,145.0,241.0,28.0,conda-forge/py4j,py4j,120.0,738.0,,7708504.0,5933.0,4851.0,https://pypi.org/project/py4j,2020-09-07 15:43:56.000,1082.0,7694612.0,https://anaconda.org/conda-forge/py4j,2020-06-10 17:37:08.340,736308.0,3.0
84,holidays,dr-prodigy/python-holidays,Generate and work with holidays in Python.,,date-time-utils,https://github.com/dr-prodigy/python-holidays,https://github.com/dr-prodigy/python-holidays,MIT,2014-08-24 15:17:18.000,2020-12-23 19:21:12.000,2020-12-06 10:55:48.000,506,2020-12-06 10:52:07.000,0.10.4,28.0,29,True,225.0,156.0,131.0,conda-forge/holidays,holidays,17.0,682.0,147.0,1235050.0,2818.0,2260.0,https://pypi.org/project/holidays,2020-12-06 10:52:07.000,558.0,1218448.0,https://anaconda.org/conda-forge/holidays,2020-12-06 17:00:59.704,398429.0,3.0
85,validators,kvesteri/validators,Python Data Validation for Humans.,,data-validation,https://github.com/kvesteri/validators,https://github.com/kvesteri/validators,MIT,2013-10-17 08:16:32.000,2020-12-30 14:53:40.000,2020-12-18 10:25:08.000,434,2020-12-18 10:27:27.000,0.18.2,36.0,29,True,86.0,32.0,37.0,conda-forge/validators,validators,84.0,222.0,,732493.0,11631.0,9745.0,https://pypi.org/project/validators,2020-12-18 10:27:27.000,1886.0,731832.0,https://anaconda.org/conda-forge/validators,2020-12-18 12:58:27.348,9262.0,3.0
86,wcwidth,jquast/wcwidth,Python library that measures the width of unicode strings rendered to a terminal.,,cli-helpers,https://github.com/jquast/wcwidth,https://github.com/jquast/wcwidth,MIT,2014-04-05 09:57:11.000,2020-09-24 16:45:20.691,2020-07-14 14:20:26.000,192,2020-06-23 16:10:28.000,0.2.5,17.0,29,True,35.0,19.0,11.0,conda-forge/wcwidth,wcwidth,7.0,219.0,,7582934.0,183142.0,157808.0,https://pypi.org/project/wcwidth,2020-06-23 16:10:28.000,25334.0,7499045.0,https://anaconda.org/conda-forge/wcwidth,2020-09-24 16:45:20.691,5117256.0,3.0
87,Eel,ChrisKnott/Eel,A little Python library for making simple Electron-like HTML/JS GUI apps.,,gui-dev,https://github.com/ChrisKnott/Eel,https://github.com/ChrisKnott/Eel,MIT,2017-12-27 21:37:12.000,2020-12-12 22:37:40.000,2020-08-17 17:56:57.000,4074,2020-08-17 18:18:21.000,0.14.0,36.0,28,True,390.0,251.0,36.0,,eel,91.0,255.0,,21731.0,1357.0,1287.0,https://pypi.org/project/eel,2020-08-17 18:18:21.000,70.0,21731.0,,,,1.0
88,blessings,erikrose/blessings,"A thin, practical wrapper around terminal capabilities in Python.",,cli-helpers,https://github.com/erikrose/blessings,https://github.com/erikrose/blessings,MIT,2011-11-07 10:09:09.000,2021-01-08 16:13:56.643,2020-10-20 23:43:16.000,1144,2018-01-03 17:03:36.000,1.6.1,10.0,28,True,93.0,53.0,16.0,conda-forge/blessings,blessings,30.0,177.0,,1417187.0,7014.0,4538.0,https://pypi.org/project/blessings,2018-06-21 14:00:07.000,2476.0,1416060.0,https://anaconda.org/conda-forge/blessings,2021-01-08 16:13:56.643,49592.0,3.0
89,python-slugify,un33k/python-slugify,Returns unicode slugs.,,text,https://github.com/un33k/python-slugify,https://github.com/un33k/python-slugify,MIT,2012-10-15 01:44:50.000,2020-07-01 03:20:07.226,2020-06-30 03:22:04.000,964,2020-06-30 03:34:52.000,4.0.1,34.0,28,True,79.0,45.0,27.0,conda-forge/python-slugify,python-slugify,2.0,204.0,,1424080.0,17931.0,13607.0,https://pypi.org/project/python-slugify,2020-06-30 03:34:52.000,4324.0,1420601.0,https://anaconda.org/conda-forge/python-slugify,2020-07-01 03:20:07.226,180945.0,3.0
90,deepdiff,seperman/deepdiff,Deep Difference and search of any Python object/data.,,inspect,https://github.com/seperman/deepdiff,https://github.com/seperman/deepdiff,MIT,2014-09-26 03:21:47.000,2021-01-06 19:50:09.000,2021-01-06 19:49:52.000,934,2021-01-02 02:46:02.000,5.2.1,55.0,28,True,124.0,108.0,48.0,conda-forge/deepdiff,deepdiff,27.0,763.0,,1502606.0,2472.0,1656.0,https://pypi.org/project/deepdiff,2021-01-01 07:25:25.000,816.0,1501755.0,https://anaconda.org/conda-forge/deepdiff,2021-01-02 02:46:42.589,33208.0,1.0
91,sshtunnel,pahaz/sshtunnel,SSH tunnels to remote server.,,infrastructure,https://github.com/pahaz/sshtunnel,https://github.com/pahaz/sshtunnel,MIT,2014-06-11 21:14:05.000,2021-01-11 13:28:44.000,2021-01-11 13:12:20.000,758,2021-01-11 13:28:44.000,0.4.0,28.0,28,True,132.0,130.0,23.0,conda-forge/sshtunnel,sshtunnel,20.0,381.0,,462657.0,2176.0,1914.0,https://pypi.org/project/sshtunnel,2021-01-11 13:26:29.000,262.0,461489.0,https://anaconda.org/conda-forge/sshtunnel,2020-11-16 08:46:37.270,60773.0,3.0
92,progressbar2,WoLpH/python-progressbar,Progressbar 2 - A progress bar for Python 2 and Python 3 - pip install progressbar2.,,cli-helpers,https://github.com/WoLpH/python-progressbar,https://github.com/WoLpH/python-progressbar,BSD-3-Clause,2012-02-20 06:19:21.000,2020-09-09 14:31:33.844,2020-09-09 13:26:11.000,669,2020-09-09 13:36:59.000,3.53.1,94.0,28,True,89.0,175.0,38.0,conda-forge/progressbar2,progressbar2,8.0,867.0,1561.0,525825.0,9588.0,7392.0,https://pypi.org/project/progressbar2,2020-09-09 13:28:47.000,2196.0,521704.0,https://anaconda.org/conda-forge/progressbar2,2020-09-09 14:31:33.844,208267.0,3.0
93,ConfigArgParse,bw2/ConfigArgParse,A drop-in replacement for argparse that allows options to also be set via config files and/or environment variables.,,cli-helpers,https://github.com/bw2/ConfigArgParse,https://github.com/bw2/ConfigArgParse,MIT,2014-06-25 00:27:02.000,2020-12-18 12:02:53.000,2020-04-24 03:43:37.000,445,2020-04-24 03:44:03.000,1.2.3,19.0,28,True,82.0,84.0,34.0,conda-forge/configargparse,configargparse,60.0,221.0,,520839.0,6807.0,4461.0,https://pypi.org/project/configargparse,2020-04-24 03:43:41.000,2346.0,517862.0,https://anaconda.org/conda-forge/configargparse,2020-04-26 00:40:45.776,157809.0,3.0
94,filelock,benediktschmitt/py-filelock,A platform independent file lock for Python.,,file-path-utils,https://github.com/benediktschmitt/py-filelock,https://github.com/benediktschmitt/py-filelock,Unlicense,2014-02-23 00:29:27.000,2020-12-07 12:29:05.000,2019-05-18 18:08:14.000,274,2019-05-18 18:07:01.000,3.0.12,30.0,28,False,47.0,36.0,11.0,conda-forge/filelock,filelock,22.0,112.0,,8540344.0,47806.0,44290.0,https://pypi.org/project/filelock,2019-05-18 18:07:01.000,3516.0,8493003.0,https://anaconda.org/conda-forge/filelock,2020-05-20 17:12:04.009,2603780.0,2.0
95,configobj,DiffSK/configobj,Python 3+ compatible port of the configobj library.,,configuration,https://github.com/DiffSK/configobj,https://github.com/DiffSK/configobj,BSD-3.0-Clause,2014-01-14 02:30:17.000,2020-12-23 18:13:47.000,2020-10-14 22:37:57.000,245,2016-08-26 14:28:03.000,5.0.6,16.0,28,False,57.0,70.0,22.0,conda-forge/configobj,configobj,68.0,309.0,,921842.0,17718.0,11756.0,https://pypi.org/project/configobj,2014-08-26 01:16:32.000,5962.0,915229.0,https://anaconda.org/conda-forge/configobj,2018-07-29 15:42:19.501,198400.0,3.0
96,Send2Trash,arsenetar/send2trash,Python library to natively send files to Trash (or Recycle bin) on all platforms.,,others,https://github.com/arsenetar/send2trash,https://github.com/arsenetar/send2trash,BSD-3-Clause,2013-07-19 22:13:14.000,2020-12-15 06:15:57.000,2020-06-19 02:49:42.000,162,2018-02-16 15:00:15.000,1.5.0,9.0,28,True,27.0,14.0,10.0,conda-forge/send2trash,send2trash,20.0,91.0,,8730706.0,71786.0,66746.0,https://pypi.org/project/send2trash,2020-06-19 03:10:00.000,5040.0,8669536.0,https://anaconda.org/conda-forge/send2trash,2018-02-18 14:32:15.731,2202135.0,3.0
97,tzlocal,regebro/tzlocal,A Python module that tries to figure out what your local timezone is.,,date-time-utils,https://github.com/regebro/tzlocal,https://github.com/regebro/tzlocal,MIT,2012-09-11 12:34:21.000,2020-12-02 19:34:18.000,2020-09-30 10:49:58.000,123,2019-07-23 15:12:22.000,2.0.0,24.0,28,True,44.0,46.0,21.0,conda-forge/tzlocal,tzlocal,7.0,203.0,,8483388.0,6016.0,,https://pypi.org/project/tzlocal,2020-09-21 15:44:18.000,6016.0,8475707.0,https://anaconda.org/conda-forge/tzlocal,2020-05-08 12:02:04.590,422504.0,3.0
98,ptyprocess,pexpect/ptyprocess,Run a subprocess in a pseudo terminal.,,process-utils,https://github.com/pexpect/ptyprocess,https://github.com/pexpect/ptyprocess,ISC,2014-10-02 16:52:41.000,2020-12-31 12:57:25.227,2020-12-28 15:13:57.000,118,2020-12-28 15:17:57.000,0.7.0,10.0,28,True,51.0,16.0,12.0,conda-forge/ptyprocess,ptyprocess,15.0,128.0,,12216276.0,25422.0,,https://pypi.org/project/ptyprocess,2020-12-28 15:15:28.000,25422.0,12152906.0,https://anaconda.org/conda-forge/ptyprocess,2020-12-31 12:57:25.227,3612115.0,3.0
99,algorithms,keon/algorithms,Minimal examples of data structures and algorithms in Python.,,algorithms,https://github.com/keon/algorithms,https://github.com/keon/algorithms,MIT,2016-11-17 22:32:08.000,2020-12-17 14:23:34.000,2020-12-04 15:10:04.000,18527,2020-10-04 14:44:02.000,0.1.4,5.0,27,True,3763.0,84.0,161.0,,algorithms,146.0,897.0,,796.0,59.0,45.0,https://pypi.org/project/algorithms,2020-10-04 14:44:02.000,14.0,796.0,,,,3.0
100,Gooey,chriskiehl/Gooey,Turn (almost) any Python command line program into a full GUI application with one line.,,gui-dev,https://github.com/chriskiehl/Gooey,https://github.com/chriskiehl/Gooey,MIT,2014-01-01 21:06:05.000,2020-12-24 19:49:02.000,2020-12-20 01:39:17.000,10827,2020-12-20 01:40:37.000,1.0.8,54.0,27,True,647.0,370.0,99.0,conda-forge/gooey,gooey,65.0,730.0,33.0,2612.0,388.0,324.0,https://pypi.org/project/gooey,2020-05-08 03:35:06.000,64.0,1641.0,https://anaconda.org/conda-forge/gooey,2020-12-22 01:48:49.090,19388.0,2.0
101,PySimpleGUI,PySimpleGUI/PySimpleGUI,PySimpleGUI is a Python package that enables Python programmers of all levels to create GUIs.,,gui-dev,https://github.com/PySimpleGUI/PySimpleGUI,https://github.com/PySimpleGUI/PySimpleGUI,LGPL-3.0,2018-07-11 18:28:58.000,2021-01-11 19:54:51.000,2021-01-11 19:54:50.000,5280,2021-01-02 21:42:46.000,4.33.0,139.0,27,True,853.0,1231.0,16.0,conda-forge/pysimplegui,pysimplegui,673.0,4394.0,,27990.0,1750.0,1668.0,https://pypi.org/project/pysimplegui,2021-01-02 21:42:46.000,82.0,26766.0,https://anaconda.org/conda-forge/pysimplegui,2021-01-04 14:34:08.002,20820.0,2.0
102,asciimatics,peterbrittain/asciimatics,"A cross platform package to do curses-like operations, plus higher level APIs and widgets to create text UIs and ASCII..",,cli-helpers,https://github.com/peterbrittain/asciimatics,https://github.com/peterbrittain/asciimatics,Apache-2.0,2015-04-15 20:18:41.000,2021-01-12 03:15:28.127,2021-01-09 11:09:51.000,2527,2020-11-15 15:06:20.000,1.12.0,21.0,27,True,191.0,207.0,31.0,conda-forge/asciimatics,asciimatics,21.0,965.0,,8644.0,531.0,415.0,https://pypi.org/project/asciimatics,2020-11-15 15:06:20.000,116.0,7124.0,https://anaconda.org/conda-forge/asciimatics,2021-01-12 03:15:28.127,50171.0,3.0
103,pyfilesystem2,pyfilesystem/pyfilesystem2,Python's Filesystem abstraction layer.,,file-path-utils,https://github.com/PyFilesystem/pyfilesystem2,https://github.com/PyFilesystem/pyfilesystem2,MIT,2016-10-14 15:05:27.000,2021-01-08 15:50:13.000,2021-01-08 15:47:16.000,1185,2019-09-07 14:57:55.000,2.4.11,81.0,27,True,118.0,225.0,37.0,,fs,51.0,497.0,,108401.0,2081.0,1285.0,https://pypi.org/project/fs,2019-09-07 14:57:10.000,796.0,108401.0,,,,3.0
104,keyring,jaraco/keyring,Store and access your passwords safely.,,cryptography,https://github.com/jaraco/keyring,https://github.com/jaraco/keyring,MIT,2015-02-24 14:10:21.000,2021-01-09 15:17:00.000,2021-01-09 15:16:51.000,625,2020-12-30 02:36:32.000,21.8.0,156.0,27,True,94.0,359.0,91.0,conda-forge/keyring,keyring,16.0,,,2192497.0,5932.0,,https://pypi.org/project/keyring,2020-12-30 02:36:27.000,5932.0,2178203.0,https://anaconda.org/conda-forge/keyring,2020-12-30 23:42:46.879,800481.0,3.0
105,parsedatetime,bear/parsedatetime,Parse human-readable date/time strings.,,date-time-utils,https://github.com/bear/parsedatetime,https://github.com/bear/parsedatetime,Apache-2.0,2012-09-12 06:44:45.000,2020-11-12 09:22:02.000,2020-05-31 23:24:18.000,583,2020-05-31 23:52:03.000,2.6,16.0,27,True,100.0,93.0,49.0,conda-forge/parsedatetime,parsedatetime,54.0,369.0,,693779.0,4886.0,2690.0,https://pypi.org/project/parsedatetime,2019-11-19 05:21:54.000,2196.0,692297.0,https://anaconda.org/conda-forge/parsedatetime,2020-06-10 17:26:40.760,77115.0,3.0
106,dataclasses,ericvsmith/dataclasses,A backport of the dataclasses module for Python 3.6.,,compatibility,https://github.com/ericvsmith/dataclasses,https://github.com/ericvsmith/dataclasses,Apache-2.0,2017-05-19 20:46:27.000,2020-11-13 14:41:57.000,2020-11-13 14:26:05.000,471,,,8.0,27,True,40.0,108.0,11.0,conda-forge/dataclasses,dataclasses,11.0,287.0,,3283810.0,11642.0,10688.0,https://pypi.org/project/dataclasses,2020-11-13 14:40:29.000,954.0,3262611.0,https://anaconda.org/conda-forge/dataclasses,2020-10-07 12:55:35.859,678373.0,3.0
107,scandir,benhoyt/scandir,"Better directory iterator and faster os.walk(), now in the Python 3.5 stdlib.",,file-path-utils,https://github.com/benhoyt/scandir,https://github.com/benhoyt/scandir,BSD-3-Clause,2013-05-13 08:14:57.000,2020-11-18 15:48:31.000,2020-07-20 22:32:13.000,465,2019-03-09 18:00:51.000,1.10.0,16.0,27,True,59.0,80.0,20.0,conda-forge/scandir,scandir,11.0,443.0,,2486616.0,15615.0,11467.0,https://pypi.org/project/scandir,2019-03-09 17:58:19.000,4148.0,2467043.0,https://anaconda.org/conda-forge/scandir,2020-10-12 19:54:44.998,1056945.0,3.0
108,pylibmc,lericson/pylibmc,A Python wrapper around the libmemcached interface from TangentOrg.,,caching,https://github.com/lericson/pylibmc,https://github.com/lericson/pylibmc,BSD-3-Clause,2009-07-31 19:51:02.000,2021-01-09 19:26:29.080,2020-06-29 13:01:05.000,441,2018-11-09 18:05:47.000,1.6.1,42.0,27,True,114.0,161.0,47.0,conda-forge/pylibmc,pylibmc,27.0,582.0,,70621.0,7692.0,3198.0,https://pypi.org/project/pylibmc,2019-08-15 12:04:18.000,4494.0,67916.0,https://anaconda.org/conda-forge/pylibmc,2021-01-09 19:26:29.080,146114.0,3.0
109,natsort,SethMMorton/natsort,Simple yet flexible natural sorting in Python.,,utilities,https://github.com/SethMMorton/natsort,https://github.com/SethMMorton/natsort,MIT,2012-05-03 02:58:47.000,2020-12-07 05:28:30.000,2020-12-07 05:28:29.000,426,2020-01-28 07:46:27.000,7.0.1,48.0,27,True,28.0,63.0,15.0,conda-forge/natsort,natsort,,869.0,,1147216.0,5316.0,4100.0,https://pypi.org/project/natsort,2020-01-28 07:46:27.000,1216.0,1141798.0,https://anaconda.org/conda-forge/natsort,2020-11-21 02:56:55.582,249230.0,3.0
110,flexx,flexxui/flexx,Write desktop and web apps in pure Python.,,gui-dev,https://github.com/flexxui/flexx,https://github.com/flexxui/flexx,BSD-2-Clause,2014-09-03 08:38:00.000,2020-12-21 09:54:58.000,2020-12-21 09:54:57.000,2505,2020-09-07 13:31:44.000,0.8.1,14.0,26,True,235.0,329.0,36.0,conda-forge/flexx,flexx,73.0,1920.0,,2212.0,98.0,80.0,https://pypi.org/project/flexx,2020-09-07 13:31:44.000,18.0,866.0,https://anaconda.org/conda-forge/flexx,2020-09-07 14:44:59.757,72727.0,3.0
111,funcy,Suor/funcy,A fancy and practical functional tools.,,utilities,https://github.com/Suor/funcy,https://github.com/Suor/funcy,BSD-3-Clause,2012-10-13 00:44:57.000,2020-09-26 18:07:31.665,2020-09-26 08:43:19.000,2430,2018-06-30 04:16:20.000,1.10.3,47.0,26,True,117.0,57.0,24.0,conda-forge/funcy,funcy,4.0,914.0,,221741.0,3295.0,2433.0,https://pypi.org/project/funcy,2020-09-26 12:02:17.000,862.0,219665.0,https://anaconda.org/conda-forge/funcy,2020-09-26 18:07:31.665,99650.0,3.0
112,retrying,rholder/retrying,"Retrying is an Apache 2.0 licensed general-purpose retrying library, written in Python, to simplify the task of adding..",,utilities,https://github.com/rholder/retrying,https://github.com/rholder/retrying,Apache-2.0,2013-01-22 06:13:26.000,2020-05-06 14:04:51.000,2016-06-07 04:02:12.000,1634,2014-12-15 01:15:08.000,1.3.3,11.0,26,False,139.0,12.0,15.0,conda-forge/retrying,retrying,46.0,95.0,,4538959.0,3490.0,,https://pypi.org/project/retrying,2014-12-15 01:15:08.000,3490.0,4529499.0,https://anaconda.org/conda-forge/retrying,2018-07-16 11:28:10.934,491964.0,3.0
113,beaker,bbangert/beaker,WSGI middleware for sessions and caching.,,caching,https://github.com/bbangert/beaker,https://github.com/bbangert/beaker,BSD-3-Clause,2011-10-16 17:48:39.000,2020-10-08 07:45:30.000,2020-10-08 07:45:29.000,464,2019-08-26 22:02:52.000,1.11.0,58.0,26,True,125.0,49.0,85.0,conda-forge/beaker,beaker,57.0,799.0,,97887.0,5217.0,2603.0,https://pypi.org/project/beaker,2019-08-26 22:02:01.000,2614.0,96883.0,https://anaconda.org/conda-forge/beaker,2019-08-27 07:08:58.966,46220.0,3.0
114,munch,Infinidat/munch,A Munch is a Python dictionary that provides attribute-style access (a la JavaScript objects).,,data-structures,https://github.com/Infinidat/munch,https://github.com/Infinidat/munch,MIT,2012-03-08 21:20:50.000,2020-07-22 10:55:31.000,2020-07-22 10:55:30.000,441,2019-10-30 09:56:06.000,2.5.0,13.0,26,True,62.0,25.0,23.0,conda-forge/munch,munch,6.0,156.0,,860916.0,1134.0,,https://pypi.org/project/munch,2020-03-09 16:20:42.000,1134.0,846369.0,https://anaconda.org/conda-forge/munch,2019-10-30 13:10:23.404,843762.0,3.0
115,python-rapidjson,python-rapidjson/python-rapidjson,Python wrapper around rapidjson.,,serialization,https://github.com/python-rapidjson/python-rapidjson,https://github.com/python-rapidjson/python-rapidjson,MIT,2015-09-09 04:02:42.000,2020-12-13 12:21:51.319,2020-12-13 09:54:09.000,409,2020-11-16 12:53:09.000,0.9.4,48.0,26,True,34.0,86.0,17.0,conda-forge/python-rapidjson,python-rapidjson,7.0,601.0,,255312.0,1201.0,909.0,https://pypi.org/project/python-rapidjson,2020-12-13 10:07:07.000,292.0,248821.0,https://anaconda.org/conda-forge/python-rapidjson,2020-12-13 12:21:51.319,311604.0,3.0
116,futures,agronholm/pythonfutures,Backport of the concurrent.futures package to Python 2.6 and 2.7.,,compatibility,https://github.com/agronholm/pythonfutures,https://github.com/agronholm/pythonfutures,Python-2.0,2015-03-13 23:36:07.000,2020-03-18 16:57:48.065,2020-01-09 23:00:40.000,214,2019-07-15 09:33:00.000,3.3.0,23.0,26,False,46.0,62.0,18.0,conda-forge/futures,futures,7.0,126.0,,15334375.0,40162.0,25280.0,https://pypi.org/project/futures,2019-07-15 09:33:00.000,14882.0,15313352.0,https://anaconda.org/conda-forge/futures,2020-03-18 16:57:48.065,1114226.0,3.0
117,isodate,gweis/isodate,ISO 8601 date/time parser.,,date-time-utils,https://github.com/gweis/isodate,https://github.com/gweis/isodate,BSD-3-Clause,2012-10-29 23:32:06.000,2020-12-29 02:41:37.000,2018-08-02 23:45:26.000,89,2017-10-13 09:25:14.000,0.6.0,15.0,26,False,34.0,11.0,16.0,conda-forge/isodate,isodate,20.0,144.0,,14942531.0,12815.0,9877.0,https://pypi.org/project/isodate,2017-10-13 09:25:14.000,2938.0,14931033.0,https://anaconda.org/conda-forge/isodate,2018-08-04 23:15:08.700,666922.0,3.0
118,pathlib2,mcmtroffaes/pathlib2,"Backport of pathlib aiming to support the full stdlib Python API. As of January 1 2020, this repository will no longer..",,compatibility,https://github.com/mcmtroffaes/pathlib2,https://github.com/mcmtroffaes/pathlib2,MIT,2014-10-18 08:28:33.000,2021-01-08 20:23:59.223,2020-01-07 11:01:48.000,61,2019-09-27 07:33:53.000,2.3.5,11.0,26,False,16.0,29.0,11.0,conda-forge/pathlib2,pathlib2,,394.0,,3041867.0,40771.0,32949.0,https://pypi.org/project/pathlib2,2019-09-27 07:33:53.000,7822.0,3012647.0,https://anaconda.org/conda-forge/pathlib2,2021-01-08 20:23:59.223,1577926.0,3.0
119,DearPyGui,hoffstadt/DearPyGui,Dear PyGui: A fast and powerful Graphical User Interface Toolkit for Python with minimal dependencies.,,gui-dev,https://github.com/hoffstadt/DearPyGui,https://github.com/hoffstadt/DearPyGui,MIT,2020-05-28 17:12:57.000,2021-01-11 22:03:44.000,2021-01-11 21:58:07.000,3920,2021-01-06 05:26:57.000,0.6.123,98.0,25,True,165.0,235.0,20.0,,dearpygui,54.0,1477.0,,4038.0,43.0,43.0,https://pypi.org/project/dearpygui,2021-01-11 22:03:44.000,0.0,4038.0,,,,3.0
120,toga,beeware/toga,"A Python native, OS native GUI toolkit.",,gui-dev,https://github.com/beeware/toga,https://github.com/beeware/toga,BSD-3-Clause,2014-08-01 21:44:10.000,2021-01-11 06:04:35.000,2021-01-10 01:45:03.000,2576,2017-08-14 18:29:09.000,0.2.15,46.0,25,True,462.0,343.0,184.0,,toga,100.0,4030.0,,864.0,44.0,,https://pypi.org/project/toga,2021-01-03 01:46:03.000,44.0,864.0,,,,3.0
121,python-box,cdgriffith/Box,Python dictionaries with advanced dot notation access.,,data-structures,https://github.com/cdgriffith/Box,https://github.com/cdgriffith/Box,MIT,2017-03-11 04:46:51.000,2021-01-07 03:43:08.000,2020-10-29 02:53:11.000,1601,2020-10-29 02:53:52.000,5.2.0,42.0,25,True,64.0,95.0,1.0,conda-forge/python-box,python-box,17.0,40.0,28.0,426053.0,1391.0,1137.0,https://pypi.org/project/python-box,2020-08-20 19:07:40.000,254.0,424212.0,https://anaconda.org/conda-forge/python-box,2020-10-29 04:01:50.038,60778.0,3.0
122,enaml,nucleic/enaml,Declarative User Interfaces for Python.,,gui-dev,https://github.com/nucleic/enaml,https://github.com/nucleic/enaml,BSD-3-Clause,2013-03-06 21:29:01.000,2020-12-04 02:44:35.000,2020-12-04 02:44:33.000,994,2020-11-04 19:38:23.000,0.12.0,17.0,25,True,101.0,159.0,30.0,conda-forge/enaml,enaml,41.0,2348.0,4.0,2979.0,315.0,171.0,https://pypi.org/project/enaml,2020-11-04 19:38:23.000,144.0,1359.0,https://anaconda.org/conda-forge/enaml,2020-11-11 17:11:59.923,61576.0,3.0
123,entrypoints,takluyver/entrypoints,Discover and load entry points from installed packages.,,inspect,https://github.com/takluyver/entrypoints,https://github.com/takluyver/entrypoints,MIT,2015-05-02 18:12:08.000,2020-12-03 20:07:10.000,2020-03-15 12:25:13.000,60,2017-06-08 10:55:15.000,0.2.3,6.0,25,False,18.0,20.0,9.0,conda-forge/entrypoints,entrypoints,4.0,59.0,,10678692.0,15152.0,,https://pypi.org/project/entrypoints,2019-01-07 18:10:52.000,15152.0,10615826.0,https://anaconda.org/conda-forge/entrypoints,2020-11-11 19:15:28.026,3583374.0,3.0
124,contextlib2,jazzband/contextlib2,contextlib2 is a backport of the standard library's contextlib module to earlier Python versions.,,compatibility,https://github.com/jazzband/contextlib2,https://github.com/jazzband/contextlib2,psfrag,2016-02-23 08:51:49.209,2020-11-30 11:51:18.000,2020-11-30 11:51:12.000,31,2019-09-21 13:41:31.000,0.6.0,13.0,25,False,6.0,10.0,10.0,conda-forge/contextlib2,contextlib2,3.0,123.0,,5410571.0,32076.0,27116.0,https://pypi.org/project/contextlib2,2019-10-10 12:47:48.000,4960.0,5397022.0,https://anaconda.org/conda-forge/contextlib2,2019-10-10 14:10:46.819,799425.0,3.0
125,powerline-shell,b-ryan/powerline-shell,A beautiful and useful prompt for your shell.,,others,https://github.com/b-ryan/powerline-shell,https://github.com/b-ryan/powerline-shell,MIT,2012-09-09 16:12:53.000,2021-01-11 22:13:20.000,2018-09-16 00:24:03.000,5504,2018-09-16 00:34:48.000,0.7.0,26.0,24,False,704.0,167.0,85.0,,powerline-shell,99.0,572.0,,1581.0,61.0,57.0,https://pypi.org/project/powerline-shell,2018-09-16 00:34:48.000,4.0,1581.0,,,,3.0
126,alive-progress,rsalmei/alive-progress,"A new kind of Progress Bar, with real time throughput, eta and very cool animations!.",,cli-helpers,https://github.com/rsalmei/alive-progress,https://github.com/rsalmei/alive-progress,MIT,2019-08-05 05:54:30.000,2021-01-09 16:00:22.000,2021-01-08 01:36:09.000,1719,2021-01-08 01:37:28.000,1.6.2,19.0,24,True,46.0,37.0,1.0,conda-forge/alive-progress,alive-progress,13.0,246.0,,17756.0,210.0,210.0,https://pypi.org/project/alive-progress,2021-01-08 01:37:28.000,0.0,17270.0,https://anaconda.org/conda-forge/alive-progress,2021-01-08 03:33:35.990,5355.0,3.0
127,strictyaml,crdoconnor/strictyaml,Type-safe YAML parser and validator.,,data-validation,https://github.com/crdoconnor/strictyaml,https://github.com/crdoconnor/strictyaml,MIT,2016-06-17 10:56:18.000,2021-01-10 18:49:41.513,2021-01-10 17:09:27.000,800,2021-01-02 14:39:33.000,1.2.0,71.0,24,True,35.0,56.0,16.0,conda-forge/strictyaml,strictyaml,48.0,667.0,,16093.0,271.0,221.0,https://pypi.org/project/strictyaml,2021-01-02 14:39:33.000,50.0,14727.0,https://anaconda.org/conda-forge/strictyaml,2021-01-10 18:49:41.513,45079.0,3.0
128,immutables,MagicStack/immutables,A high-performance immutable mapping type for Python.,,data-structures,https://github.com/MagicStack/immutables,https://github.com/MagicStack/immutables,Apache-2.0,2018-03-30 21:24:52.000,2021-01-11 12:42:01.910,2020-12-07 04:56:44.000,794,2020-05-18 04:39:57.000,0.14,14.0,24,True,30.0,18.0,7.0,conda-forge/immutables,immutables,11.0,82.0,,691346.0,1332.0,1232.0,https://pypi.org/project/immutables,2020-05-18 04:39:59.000,100.0,679096.0,https://anaconda.org/conda-forge/immutables,2021-01-11 12:42:01.910,392000.0,3.0
129,cleo,sdispater/cleo,Cleo allows you to create beautiful and testable command-line interfaces.,,cli-helpers,https://github.com/sdispater/cleo,https://github.com/sdispater/cleo,MIT,2013-12-16 16:01:42.000,2021-01-08 17:25:56.000,2020-04-17 17:26:54.000,666,2020-04-17 17:25:05.000,0.8.1,24.0,24,True,34.0,26.0,6.0,conda-forge/cleo,cleo,36.0,270.0,,839149.0,152.0,,https://pypi.org/project/cleo,2020-04-17 17:25:02.000,152.0,838345.0,https://anaconda.org/conda-forge/cleo,2020-10-09 18:06:01.698,23340.0,3.0
130,zipp,jaraco/zipp,Backport of pathlib-compatible object wrapper for zip files.,,file-path-utils,https://github.com/jaraco/zipp,https://github.com/jaraco/zipp,MIT,2018-11-15 21:24:48.000,2020-12-17 02:03:10.000,2020-12-17 02:01:59.000,20,2020-10-25 18:40:46.000,3.4.0,28.0,24,False,19.0,37.0,8.0,conda-forge/zipp,zipp,1.0,,,19973348.0,5822.0,,https://pypi.org/project/zipp,2020-10-25 18:40:27.000,5822.0,19799602.0,https://anaconda.org/conda-forge/zipp,2020-10-25 23:33:10.683,3996173.0,3.0
131,Typer,tiangolo/typer,"Typer, build great CLIs. Easy to code. Based on Python type hints.",,cli-helpers,https://github.com/tiangolo/typer,https://github.com/tiangolo/typer,MIT,2019-12-24 12:24:11.000,2021-01-06 06:35:40.000,2020-08-16 14:52:47.000,4101,2020-08-16 14:57:19.000,0.3.2,18.0,23,True,154.0,70.0,8.0,,typer,69.0,257.0,,180973.0,0.0,,https://pypi.org/project/typer,2020-08-16 14:57:19.000,0.0,180973.0,,,,3.0
132,hydra,facebookresearch/hydra,Hydra is a framework for elegantly configuring complex applications.,,configuration,https://github.com/facebookresearch/hydra,https://github.com/facebookresearch/hydra,MIT,2019-06-12 19:33:15.000,2021-01-12 04:12:32.000,2021-01-11 22:35:36.000,3505,2021-01-07 23:55:33.000,1.0.5,11.0,23,True,288.0,530.0,59.0,conda-forge/hydra-core,hydra,84.0,1277.0,,4575.0,2.0,,https://pypi.org/project/hydra,2016-08-03 13:21:51.000,2.0,1707.0,https://anaconda.org/conda-forge/hydra-core,2021-01-08 06:20:02.794,31549.0,3.0
133,macropy,lihaoyi/macropy,"Macros in Python: quasiquotes, case classes, LINQ and more!.",,others,https://github.com/lihaoyi/macropy,https://github.com/lihaoyi/macropy,MIT,2013-04-15 14:47:29.000,2020-12-24 02:10:58.000,2020-03-03 22:30:21.000,3047,,,4.0,23,True,159.0,58.0,19.0,,macropy3,16.0,885.0,,3453.0,386.0,382.0,https://pypi.org/project/macropy3,2018-05-11 23:17:05.000,4.0,3453.0,,,,3.0
134,path,jaraco/path,Object-oriented file system path manipulation.,,file-path-utils,https://github.com/jaraco/path,https://github.com/jaraco/path,MIT,2012-04-21 02:59:29.000,2021-01-11 06:55:09.000,2021-01-11 06:53:50.000,932,2020-12-08 17:41:21.000,15.0.1,8.0,23,True,126.0,120.0,42.0,conda-forge/path,path,3.0,,,116246.0,78.0,,https://pypi.org/project/path,2020-12-08 17:41:17.000,78.0,111780.0,https://anaconda.org/conda-forge/path,2020-12-08 21:31:10.307,58060.0,3.0
135,Unipath,mikeorr/Unipath,An object-oriented approach to Python file/directory operations.,,file-path-utils,https://github.com/mikeorr/Unipath,https://github.com/mikeorr/Unipath,MIT,2013-01-28 04:38:28.000,2019-12-15 21:01:45.000,2015-02-14 18:30:08.000,494,2009-03-29 15:28:56.000,0.2.1,3.0,23,False,36.0,10.0,6.0,,unipath,7.0,49.0,,27432.0,8392.0,4670.0,https://pypi.org/project/unipath,2015-02-11 04:36:12.000,3722.0,27432.0,,,,3.0
136,ratelimit,tomasbasham/ratelimit,API Rate Limit Decorator.,,utilities,https://github.com/tomasbasham/ratelimit,https://github.com/tomasbasham/ratelimit,MIT,2015-08-26 10:39:52.000,2020-02-21 14:08:33.000,2019-02-06 21:53:36.000,333,2018-12-17 18:55:49.000,2.2.1,11.0,23,False,77.0,17.0,8.0,,ratelimit,16.0,36.0,,437935.0,882.0,764.0,https://pypi.org/project/ratelimit,2018-12-17 18:55:49.000,118.0,437935.0,,,,3.0
137,storm,emre/storm,Manage your SSH like a boss.,,infrastructure,https://github.com/emre/storm,https://github.com/emre/storm,MIT,2013-05-20 18:30:39.000,2020-06-12 10:38:03.000,2018-08-07 19:46:34.000,3747,2018-08-24 22:08:05.000,0.7.0,8.0,22,False,159.0,82.0,30.0,,storm,22.0,339.0,,840.0,108.0,33.0,https://pypi.org/project/storm,2020-06-12 10:38:03.000,75.0,840.0,,,,3.0
138,pysimdjson,TkTech/pysimdjson,Python bindings for the simdjson project.,,serialization,https://github.com/TkTech/pysimdjson,https://github.com/TkTech/pysimdjson,MIT,2019-02-22 03:26:04.000,2020-12-04 07:56:42.000,2020-12-02 15:58:56.000,414,2020-11-13 02:54:01.000,3.1.1,29.0,22,True,27.0,47.0,8.0,,pysimdjson,12.0,203.0,,10268.0,35.0,35.0,https://pypi.org/project/pysimdjson,2020-11-13 02:54:01.000,0.0,10268.0,,,,3.0
139,bashplotlib,glamp/bashplotlib,plotting in the terminal.,,cli-helpers,https://github.com/glamp/bashplotlib,https://github.com/glamp/bashplotlib,MIT,2012-12-13 04:01:10.000,2019-12-01 11:31:41.000,2019-05-09 21:00:50.000,1499,2016-02-06 21:56:46.000,0.6.5,27.0,21,False,79.0,10.0,19.0,,bashplotlib,16.0,208.0,,3633.0,127.0,111.0,https://pypi.org/project/bashplotlib,2016-02-06 21:56:46.000,16.0,3633.0,,,,3.0
140,valideer,podio/valideer,Lightweight data validation and adaptation Python library.,,data-validation,https://github.com/podio/valideer,https://github.com/podio/valideer,MIT,2012-07-25 12:33:39.000,2020-03-08 21:45:00.000,2018-03-07 14:51:59.000,245,2015-12-20 08:56:50.000,0.4.2,8.0,19,False,17.0,11.0,7.0,conda-forge/valideer,valideer,3.0,89.0,,11464.0,52.0,37.0,https://pypi.org/project/valideer,2015-12-20 08:56:50.000,15.0,11217.0,https://anaconda.org/conda-forge/valideer,2018-07-06 17:55:22.261,14087.0,3.0
141,PyPattyrn,tylerlaberge/PyPattyrn,A simple library for implementing common design patterns.,,algorithms,https://github.com/tylerlaberge/PyPattyrn,https://github.com/tylerlaberge/PyPattyrn,MIT,2016-07-17 22:09:31.000,2020-02-09 19:26:02.000,2020-02-09 19:26:00.000,1120,2016-09-11 02:13:18.000,1.2,3.0,18,True,104.0,40.0,4.0,,pypattyrn,,103.0,,2407.0,12.0,12.0,https://pypi.org/project/pypattyrn,2016-09-11 02:18:42.000,0.0,2407.0,,,,3.0
142,validr,guyskk/validr,"A simple, fast, extensible python library for data validation.",,data-validation,https://github.com/guyskk/validr,https://github.com/guyskk/validr,MIT,2015-09-05 05:47:04.000,2020-04-05 05:57:36.000,2020-04-05 05:56:24.000,200,2020-04-05 05:54:29.000,1.2.0,20.0,17,True,11.0,20.0,7.0,,validr,2.0,354.0,,4155.0,4.0,,https://pypi.org/project/validr,2020-04-05 05:54:29.000,4.0,4155.0,,,,3.0
143,importlib-resources,python/importlib_resources,Read resources from Python packages.,,inspect,https://github.com/python/importlib_resources,https://github.com/python/importlib_resources,Apache-2.0,2020-10-21 21:02:58.000,2021-01-10 16:22:49.000,2021-01-10 01:35:05.000,3,2021-01-10 01:40:54.000,5.0.0,30.0,17,False,3.0,191.0,14.0,,importlib-resources,6.0,,,4511923.0,0.0,,https://pypi.org/project/importlib-resources,2021-01-10 01:40:50.000,0.0,4511923.0,,,,3.0
144,colout,nojhan/colout,Color text streams with a polished command line interface.,,cli-helpers,https://github.com/nojhan/colout,https://github.com/nojhan/colout,GPL-3.0,2012-03-31 10:39:00.000,2020-08-13 16:59:05.000,2020-08-02 07:43:02.000,1036,2020-06-21 20:04:58.000,0.12.1,6.0,15,True,55.0,56.0,29.0,,colout,11.0,247.0,,77.0,1.0,1.0,https://pypi.org/project/colout,2020-06-21 20:04:58.000,,77.0,,,,3.0
145,wssh,aluzzardi/wssh,SSH to WebSockets Bridge.,,infrastructure,https://github.com/aluzzardi/wssh,https://github.com/aluzzardi/wssh,MIT,2012-07-24 05:26:41.000,2019-02-12 13:08:18.000,2016-10-11 00:37:04.000,1286,,,,14,False,261.0,5.0,9.0,,,22.0,34.0,,,7.0,7.0,,,,,,,,3.0
